{
    "class_f1_scores": {
        "Adult Education": 0.7000000000000001,
        "Elementary": 0.8873159682899208,
        "High": 0.8106949173918526,
        "Middle": 0.8567330105791644,
        "Not applicable": 0.47674418604651164,
        "Not reported": 0.38979848866498734,
        "Other": 0.40515653775322275,
        "Ungraded": 0.0
    },
    "weighted_f1_score": 0.7833272163924028
}