{
    "class_f1_scores": {
        "Adult Education": 0.8181818181818182,
        "Elementary": 0.9254626376200515,
        "High": 0.8542381497013598,
        "Middle": 0.8898598215911159,
        "Not applicable": 0.6813186813186812,
        "Not reported": 0.8804648588821251,
        "Other": 0.41244444444444445,
        "Ungraded": 0.0,
        "admin": 0.975609756097561,
        "support": 1.0
    },
    "weighted_f1_score": 0.8642901359294992
}