{
    "class_f1_scores": {
        "Adult Education": 0.8181818181818182,
        "Elementary": 0.9253395784543326,
        "High": 0.8544183089637636,
        "Middle": 0.8903460837887067,
        "Not applicable": 0.6666666666666667,
        "Not reported": 0.8807085524494879,
        "Other": 0.41116526362428,
        "Ungraded": 0.0
    },
    "weighted_f1_score": 0.8638488488718277
}